ID;Active (0/1);Name *;Description;Short description;Meta title;Meta keywords;Meta description
1;1;Apple;"<p style=""text-align: justify;"">The company was founded on April 1, 1976, and incorporated as Apple Computer, Inc. on January 3, 1977.The word ""Computer"" was removed from its name on January 9, 2007, the same day Steve Jobs introduced the iPhone, reflecting its shifted focus towards consumer electronics.<br /><br />Apple is the world's second-largest information technology company by revenue after Samsung Electronics, and the world's third-largest mobile phone maker after Samsung and Nokia.Fortune magazine named Apple the most admired company in the United States in 2008, and in the world from 2008 to 2012. However, the company has received criticism for its contractors' labor practices, and for Apple's own environmental and business practices.<br /><br />As of May 2013, Apple maintains 408 retail stores in fourteen countries as well as the online Apple Store and iTunes Store, the latter of which is the world's largest music retailer. Apple is the largest publicly traded corporation in the world by market capitalization, with an estimated value of US$415 billion as of March 2013. As of Sept 29 2012, the company had 72,800 permanent full-time employees and 3,300 temporary full-time employees worldwide. Its worldwide annual revenue in 2012 totalled $156 billion. In May 2013, Apple entered the top ten of the Fortune 500 list of companies for the first time, rising 11 places above its 2012 ranking to take the sixth position.</p>
<p> </p>
<p style=""text-align: right;""><a href=""http://en.wikipedia.org/wiki/Apple_Inc."" target=""_blank""><span style=""color: #008080;""><em><span style=""color: #008080;""><span id=""result_box"" lang=""en""><span class=""hps atn"">(</span><span>For more,</span> <span class=""hps"">go to the</span> </span></span><span style=""color: #008080;""><span id=""result_box"" lang=""en""><span class=""hps"">original article</span></span></span><span style=""color: #008080;""><span id=""result_box"" lang=""en""> <span class=""hps"">on</span> </span></span><span style=""color: #008080;""><span id=""result_box"" lang=""en""><span class=""hps"">Wikipedia)</span></span></span></em></span></a></p>";"<p> </p>
<div class=""floatnone""><strong><span class=""image""><img style=""display: block; margin-left: auto; margin-right: auto;"" src=""http://upload.wikimedia.org/wikipedia/commons/thumb/f/fa/Apple_logo_black.svg/101px-Apple_logo_black.svg.png"" alt=""1998-present"" width=""101"" height=""121"" /></span></strong></div>
<div class=""floatnone""> </div>
<p style=""text-align: justify;""> </p>
<p style=""text-align: justify;""><strong>Apple Inc.,</strong> formerly Apple Computer, Inc., is an American multinational corporation headquartered in Cupertino, California that designs, develops, and sells consumer electronics, computer software and personal computers.</p>";MetaTitle-Apple;MetaKeywords-Apple;Meta description-Apple
2;1;Shure;"<h2 style=""text-align: justify;""><span class=""mw-headline""><br /></span></h2>
<h2 style=""text-align: justify;""><span id=""Company_history"" class=""mw-headline"">Company history</span></h2>
<p style=""text-align: justify;"">Shure was founded by Sidney N. Shure in 1925 as ""The Shure Radio Company"", selling radio parts kits in the days before complete manufactured radios were available. The company's office was located at 19 South Wells Street in downtown Chicago, Illinois. The following year, Shure published its first direct mail catalog, which was one of only six radio parts catalogs in the United States at the time. By 1928, the company had grown to over 75 employees, and Sidney's brother, Samuel J. Shure, joined the company, which was renamed Shure Brothers Company. The company moved into new offices at 335 West Madison Street in Chicago. In 1929, with the advent of the Great Depression and the increased availability of factory-built radios, Shure Brothers Company was forced to greatly reduce their staff and became the exclusive US distributor of a small microphone manufacturer. In 1930, Samuel J. Shure left the company.</p>
<p style=""text-align: justify;"">In 1931, Shure and engineer Ralph Glover began development of the first Shure microphone, and the following year, the Model 33N Two-Button Carbon Microphone was introduced, making Shure one of only four microphone manufacturers in the U.S.. Shure's first condenser microphone, crystal microphone, and microphone suspension support system (for which they received their first patent) were all introduced that same decade. In 1939, Shure introduced the Model 55 Unidyne Microphone, which went on to become one of the world's most recognized microphones.</p>
<p style=""text-align: justify;"">In 1941, Shure was contracted by the United States armed forces to supply microphones during World War II, and by the following year, the T-17B was the microphone most widely used by the U.S. Army and Navy. Shure also manufactured throat, headset, and oxygen mask microphones, and adopted the United States Military Standard for all Shure microphones.</p>
<p style=""text-align: justify;"">By the mid-1940s, Shure was also manufacturing and supplying phonograph cartridges to major phonograph manufacturers including Philco, RCA, Emerson, Magnavox, Admiral, and Motorola, and was the largest producer of phonograph cartridges in the U.S. at that time. Among Shure's innovations in phonograph cartridge design was Ralph Glover and Ben Bauer's ""needle-tilt"" principle for minimizing record wear while improving sound reproduction, and Jim Kogen's engineering concept of ""trackability."" Shure produced the first phonograph cartridge capable of playing both long-playing and 78 rpm records, the first cartridge with tracking force of only one gram, and the first cartridge meeting the requirements of stereo recording. At the peak of Shure's phonograph cartridge production, the company was producing approximately 28,000 cartridges per day, with 25,000 of those coming from a Shure phonograph cartridge plant in Phoenix, Arizona. After the introduction of compact discs in the 1980s reduced the demand for phonograph cartridges, Shure closed the Phoenix facility but continued manufacturing phonograph cartridges, and continues to manufacture them today.</p>
<p style=""text-align: justify;"">Shure also developed and produced products for medical applications. In 1937, their 66A piezoelectric stethophone was designed to accurately reproduce chest sounds, and in the early 1960s, the SP-5, SP-5S and SP-6 stethoscope pickups were produced. Shure also produced hearing aid cartridges used in hearing aid products from manufacturers like Maico, Telex, Dictograph, Otarian, Vocalite, and Trimm.</p>
<p style=""text-align: justify;"">In 1956, Shure moved its corporate headquarters to Hartrey Avenue in Evanston, Illinois, where it remained for 47 years. Beginning in the 1956, Shure manufactured magnetic tape recording heads and two years later, the company announced it was ready to mass-produce 4-ch recording heads. By 1964, however, Shure announced it would no longer produce tape recording heads due to increased competition.</p>
<p style=""text-align: justify;"">In 1953, Shure introduced their first wireless microphone system for performers, and in 1959, they introduced the Unidyne III Microphone, which was the predecessor to the SM57, which would be introduced, along with the SM58, six years later. Shure also produced portable equipment for broadcast field recording like Vocal Master, the M67 Portable Mixer, and the FP31 Portable Mixer. In 1990, Shure entered the wireless microphone market with the L-Series.</p>
<p style=""text-align: justify;"">In 1981, James Kogen, Executive Vice President, Operations, was promoted to President and General Manager of Shure. In 1995, Sidney N. Shure died at the age of 93, and Rose L. Shure was elected Chairman of the Board of Directors. In 1996, James Kogen retired; Santo (Sandy) LaMantia, Vice President of Engineering, was named President and CEO. Shure Brothers Incorporated was officially renamed Shure Incorporated in 1999.</p>
<p>In 2001, Shure acquired the Popper Stopper brand of studio pop filters from Middle Atlantic Products Inc. The following year, Shure adopted hearing conservation as the company’s corporate cause and established the Shure Bid for Hearing program. In 2003, Shure moved into new corporate headquarters in Niles, Illinois, into a building designed by architect Helmut Jahn which was originally the headquarters of <span class=""new"">HA•LO Industries</span>. The 65,000-square-foot (6,000 m<sup>2</sup>) Technology Annex designed by Krueck and Sexton Architects, opened in 2005, houses Shure's Performance Listening Center. In 2008, Shure celebrated the opening of The S.N. Shure Theater and Interactive Display at their corporate headquarters.</p>
<h3 style=""text-align: justify;""><span id=""International_offices"" class=""mw-headline"">International offices</span></h3>
<ul style=""text-align: justify;"">
<li>1991: Shure Europe GmbH opened in Heilbronn, Germany to provide sales, service and support to Shure distribution centers in 34 European countries.</li>
<li>1999: Shure Asia Limited is opened in Hong Kong to serve Distribution Centers and distributors throughout Asia and the Pacific Rim.</li>
<li>2002: Shure Distribution GmbH established as a subsidiary of Shure Europe GmbH, to handle direct sales with Shure dealers in Germany.</li>
<li>2003: HW International, Shure's United Kingdom Distribution Center, acquired and renamed Shure Distribution UK.</li>
<li>2005: Sales and marketing office opened in Shanghai, China.</li>
<li>2006: Sales and marketing office opened in Tokyo, Japan.</li>
<li>2010: New subsidiary formed in the Netherlands</li>
</ul>
<h3 style=""text-align: justify;""><span id=""Production_facility_expansion"" class=""mw-headline"">Production facility expansion</span></h3>
<ul style=""text-align: justify;"">
<li>1982: Manufacturing facility opened in Wheeling, Illinois</li>
<li>1983: Phonograph cartridge manufacturing facility opened in Agua Prieta, Mexico</li>
<li>1984: Wired microphone manufacturing facility opened in Juarez, Mexico</li>
<li>1989: Juarez, Mexico facility expanded</li>
<li>1994: Agua Prieta facility expanded in 1994</li>
<li>2005: Manufacturing facility opened in Suzhou, China</li>
</ul>
<p><sup id=""cite_ref-The_History_of_Shure_Incorporated_7-1"" class=""reference""><span><a href=""http://en.wikipedia.org/wiki/Samsung"" target=""_blank""><span style=""color: #008080;""><em><span style=""color: #008080;""><span id=""result_box"" lang=""en""><span class=""hps""><br class=""hps atn"" /></span></span></span></em></span></a></span></sup></p>
<p style=""text-align: right;""><a href=""http://en.wikipedia.org/wiki/Shure"" target=""_blank""><span><span style=""color: #008080;""><em><span style=""color: #008080;""><span lang=""en""><span class=""hps""><span style=""color: #008080;""><em><span style=""color: #008080;""><span id=""result_box"" lang=""en""><span class=""hps atn"">(</span><span>For more,</span> <span class=""hps"">go to the</span> <span class=""hps"">original article</span> <span class=""hps"">on</span> <span class=""hps"">Wikipedia)</span></span></span></em></span></span></span></span></em></span></span></a></p>";"<p> </p>
<p style=""text-align: center;""><span class=""image""><img class=""thumbimage"" src=""http://upload.wikimedia.org/wikipedia/en/thumb/f/f7/Shure_us_pro_circle_s_logo.gif/220px-Shure_us_pro_circle_s_logo.gif"" alt="""" width=""131"" height=""131"" /></span></p>
<p> </p>
<p style=""text-align: justify;""><strong>Shure Incorporated</strong> is an American corporation originally founded by Sidney N. Shure in Chicago, Illinois in 1925 as a supplier of radio parts kits. The company became a consumer and professional audio-electronics manufacturer of microphones, wireless microphone systems, phonograph cartridges, discussion systems, mixers, and digital signal processing.</p>
<p style=""text-align: justify;"">The company also produces listening products, including headphones, high-end earbuds and personal monitor systems.</p>";MetaTitle-Shure;MetaKeywords-Shure;Meta description-Shure
3;1;Sony;"<h2><span class=""mw-headline""><br /></span></h2>
<h2><span id=""History"" class=""mw-headline"">History</span></h2>
<p>Sony found its beginning in the wake of World War II. In 1946, Masaru Ibuka started an electronics shop in a bomb-damaged department store building in Tokyo. The company had $530 in capital and a total of eight employees. The next year, he was joined by his colleague, Akio Morita, and they founded a company called <strong>Tokyo Tsushin Kogyo</strong> (Tokyo Telecommunications Engineering Corporation). The company built Japan's first tape recorder, called the Type-G. In 1958 the company name was changed to Sony.</p>
<p style=""text-align: justify;"">In the early 1950s, Ibuka traveled in the United States and heard about Bell Labs' invention of the...</p>
<p style=""text-align: right;""><span style=""color: #008080;""><em><a href=""http://en.wikipedia.org/wiki/Sony"" target=""_blank""><span style=""color: #008080;""><span id=""result_box"" lang=""en""><span class=""hps atn"">(</span><span>For more,</span> <span class=""hps"">go to the</span> <span class=""hps"">original article</span> <span class=""hps"">on</span> <span class=""hps"">Wikipedia)</span></span><br /></span></a></em></span></p>";"<p style=""text-align: justify;""> </p>
<p><span class=""image""><img style=""display: block; margin-left: auto; margin-right: auto;"" src=""http://upload.wikimedia.org/wikipedia/commons/thumb/c/ca/Sony_logo.svg/220px-Sony_logo.svg.png"" alt=""Sony logo.svg"" width=""220"" height=""37"" /></span></p>
<p> </p>
<p><strong><br /></strong></p>
<p style=""text-align: justify;""><strong>Sony Corporation</strong>, commonly referred to as Sony, is a Japanese multinational conglomerate corporation headquartered in Konan Minato, Tokyo, Japan. Its diversified business is primarily focused on the electronics, game, entertainment and financial services sectors. The company is one of the leading manufacturers of electronic products for the consumer and professional markets. Sony is ranked 87th on the 2012 list of Fortune Global 500.</p>";MetaTitle-Sony;MetaKeywords-Sony;Meta description-Sony
4;1;Samsung;"<p style=""text-align: justify;"">Samsung was founded by Lee Byung-chul in 1938 as a trading company. Over the next three decades the group diversified into areas including food processing, textiles, insurance, securities and retail. Samsung entered the electronics industry in the late 1960s and the construction and shipbuilding industries in the mid-1970s; these areas would drive its subsequent growth. Following Lee's death in 1987, Samsung was separated into four business groups – Samsung Group, Shinsegae Group, CJ Group and Hansol Group. Since the 1990s Samsung has increasingly globalized its activities, and electronics, particularly mobile phones and semiconductors, have become its most important source of income.</p>
<p>Notable Samsung industrial subsidiaries include Samsung Electronics (the <span class=""mw-redirect"">world's largest information technology company</span> measured by 2012 revenues, and 4th in market value), Samsung Heavy Industries (the world's 2nd-largest <span class=""mw-redirect"">shipbuilder</span> measured by 2010 revenues), and Samsung Engineering and <span class=""mw-redirect"">Samsung C&amp;T</span> (respectively the world's 13th and 36th-largest construction companies). Other notable subsidiaries include Samsung Life Insurance (the world's 14th-largest life insurance company), Samsung Everland (operator of Everland Resort, the oldest <span class=""mw-redirect"">theme park</span> in South Korea), Samsung Techwin (an aerospace, surveillance and defense company) and <span class=""new"">Cheil Worldwide</span> (the world's 16th-largest advertising agency measured by 2011 revenues).</p>
<p>Samsung has a powerful influence on South Korea's economic development, politics, media and culture, and has been a major driving force behind the ""Miracle on the Han River"". Its affiliate companies produce around a fifth of South Korea's total exports. Samsung's revenue was equal to 17% of the South Korea's $1,082 billion GDP.</p>
<p style=""text-align: justify;"">In 2013, Samsung began construction on building the world's largest ...</p>
<p style=""text-align: right;""><a href=""http://en.wikipedia.org/wiki/Samsung"" target=""_blank""><span style=""color: #008080;""><em><span style=""color: #008080;""><span id=""result_box"" lang=""en""><span class=""hps atn"">(</span><span>For more,</span> <span class=""hps"">go to the</span> <span class=""hps"">original article</span> <span class=""hps"">on</span> <span class=""hps"">Wikipedia)</span></span></span></em></span></a></p>";"<p><strong><br /></strong></p>
<div class=""center"">
<div class=""floatnone"" style=""text-align: center;""><span class=""image""><img src=""http://upload.wikimedia.org/wikipedia/commons/thumb/2/24/Samsung_Logo.svg/200px-Samsung_Logo.svg.png"" alt=""Samsung Logo.svg"" width=""200"" height=""68"" /></span></div>
</div>
<p><strong><br /></strong></p>
<p style=""text-align: justify;""><strong>Samsung Group</strong> is a South Korean multinational conglomerate company headquartered in Samsung Town, Seoul. It comprises numerous subsidiaries and affiliated businesses, most of them united under the <em>Samsung</em> brand, and is the largest South Korean <em>chaebol</em> (business conglomerate).</p>";MetaTitle-Samsung;MetaKeywords-Samsung;Meta description-Samsung
