<?xml version="1.0" encoding="UTF-8"?>
<prestashop>
	<channel name="stable" available="1" >
		<branch name="1.4" available="1" >
			<name>1.4.11 stable</name>
			<num>1.4.11.0</num>
			<download>
				<link>http://www.prestashop.com/download/releases/prestashop_1.4.11.0.zip</link>
				<md5>ba7ae7baa6de4afcf4beae23c675e013</md5>
			</download>
			<changelog>http://www.prestashop.com/download/changelog_1.4.11.0.txt</changelog>
		</branch>
		<branch name="1.5" available="1" >
			<name>1.5.6.2 stable</name>
			<num>1.5.6.2</num>
			<download>
				<link>http://www.prestashop.com/download/releases/prestashop_1.5.6.2.zip</link>
				<md5>3229c53959ca0d4ab5993d935f35f5c8</md5>
			</download>
			<changelog>http://www.prestashop.com/download/changelog_1.5.6.2.txt</changelog>
		</branch>
		<branch name="1.6" available="1" >
			<name>1.6.0 stable</name>
			<num>1.6.0.13</num>
			<download>
				<link>http://www.prestashop.com/download/releases/prestashop_1.6.0.13.zip</link>
				<md5>d071097e6e1d63561514160577afd141</md5>
			</download>
			<changelog>http://www.prestashop.com/download/changelog_1.6.0.13.txt</changelog>
		</branch>
	</channel>
	<channel name="rc" available="0" >
		<branch name="1.5" available="0" >
			<name></name>
			<num></num>
			<download>
				<link></link>
				<md5></md5>
			</download>
			<changelog></changelog>
		</branch>
	</channel>
	<channel name="beta" available="0" >
	</channel>
	<channel name="alpha" >
		<branch name="1.5" available="0" >
			<name></name>
			<num></num>
			<download>
				<link></link>
				<md5></md5>
			</download>
			<changelog></changelog>
		</branch>
	</channel>
	<channel name="private" available="0" >
		<branch name="1.5" available="0" >
			<name></name>
			<num></num>
			<download>
				<link></link>
				<md5></md5>
			</download>
			<changelog></changelog>
		</branch>
	</channel>
	<autoupgrade>
		<last_version>1.3.0</last_version>
		<download>
			<link>http://www.prestashop.com/download/autoupgrade.zip</link>
			<md5>8b72f65b8de3f372212e60cec0c1897d</md5>
		</download>
		<changelog></changelog>
	</autoupgrade>
</prestashop>
